<?xml version="1.0" encoding="UTF-8"?>
<configurationDescriptor version="100">
  <logicalFolder name="root" displayName="root" projectFiles="true" kind="ROOT">
    <logicalFolder name="HeaderFiles"
                   displayName="Header Files"
                   projectFiles="true">
      <itemPath>include/Image.h</itemPath>
      <itemPath>include/ImageIO.h</itemPath>
      <itemPath>include/Zoom.h</itemPath>
    </logicalFolder>
    <logicalFolder name="ResourceFiles"
                   displayName="Resource Files"
                   projectFiles="true">
    </logicalFolder>
    <logicalFolder name="SourceFiles"
                   displayName="Source Files"
                   projectFiles="true">
      <itemPath>src/Icono.cpp</itemPath>
      <itemPath>src/Image.cpp</itemPath>
      <itemPath>src/ImageIO.cpp</itemPath>
      <itemPath>src/Imageop.cpp</itemPath>
      <itemPath>src/Zoom.cpp</itemPath>
      <itemPath>src/negativo.cpp</itemPath>
    </logicalFolder>
    <logicalFolder name="TestFiles"
                   displayName="Test Files"
                   projectFiles="false"
                   kind="TEST_LOGICAL_FOLDER">
    </logicalFolder>
    <logicalFolder name="ExternalFiles"
                   displayName="Important Files"
                   projectFiles="false"
                   kind="IMPORTANT_FILES_FOLDER">
      <itemPath>Makefile</itemPath>
    </logicalFolder>
  </logicalFolder>
  <projectmakefile>Makefile</projectmakefile>
  <confs>
    <conf name="Debug" type="1">
      <toolsSet>
        <compilerSet>default</compilerSet>
        <dependencyChecking>true</dependencyChecking>
        <rebuildPropChanged>false</rebuildPropChanged>
      </toolsSet>
      <compileType>
        <ccTool>
          <standard>8</standard>
          <incDir>
            <pElem>include</pElem>
          </incDir>
        </ccTool>
      </compileType>
      <item path="include/Image.h" ex="false" tool="3" flavor2="0">
      </item>
      <item path="include/ImageIO.h" ex="false" tool="3" flavor2="0">
      </item>
      <item path="include/Zoom.h" ex="false" tool="3" flavor2="0">
      </item>
      <item path="src/Icono.cpp" ex="false" tool="1" flavor2="0">
      </item>
      <item path="src/Image.cpp" ex="false" tool="1" flavor2="0">
      </item>
      <item path="src/ImageIO.cpp" ex="false" tool="1" flavor2="0">
      </item>
      <item path="src/Imageop.cpp" ex="false" tool="1" flavor2="0">
      </item>
      <item path="src/Zoom.cpp" ex="false" tool="1" flavor2="0">
      </item>
      <item path="src/negativo.cpp" ex="false" tool="1" flavor2="0">
      </item>
    </conf>
    <conf name="Release" type="1">
      <toolsSet>
        <compilerSet>default</compilerSet>
        <dependencyChecking>true</dependencyChecking>
        <rebuildPropChanged>false</rebuildPropChanged>
      </toolsSet>
      <compileType>
        <cTool>
          <developmentMode>5</developmentMode>
        </cTool>
        <ccTool>
          <developmentMode>5</developmentMode>
          <standard>8</standard>
        </ccTool>
        <fortranCompilerTool>
          <developmentMode>5</developmentMode>
        </fortranCompilerTool>
        <asmTool>
          <developmentMode>5</developmentMode>
        </asmTool>
      </compileType>
      <item path="include/Image.h" ex="false" tool="3" flavor2="0">
      </item>
      <item path="include/ImageIO.h" ex="false" tool="3" flavor2="0">
      </item>
      <item path="include/Zoom.h" ex="false" tool="3" flavor2="0">
      </item>
      <item path="src/Icono.cpp" ex="false" tool="1" flavor2="0">
      </item>
      <item path="src/Image.cpp" ex="false" tool="1" flavor2="0">
      </item>
      <item path="src/ImageIO.cpp" ex="false" tool="1" flavor2="0">
      </item>
      <item path="src/Imageop.cpp" ex="false" tool="1" flavor2="0">
      </item>
      <item path="src/Zoom.cpp" ex="false" tool="1" flavor2="0">
      </item>
      <item path="src/negativo.cpp" ex="false" tool="1" flavor2="0">
      </item>
    </conf>
  </confs>
</configurationDescriptor>
